City_ID,City,Country,Date,Lat,Lng,Max Temp,Humidity,Cloudiness,Wind Speed
0,Vaini,TO,2021-09-25 14:55:42,-21.2,-175.2,69.96,78,75,8.05
1,Gushikawa,JP,2021-09-25 14:55:42,26.3544,127.8686,83.43,94,1,6.91
2,Arlit,NE,2021-09-25 14:55:42,18.7369,7.3853,103.1,6,2,8.52
3,Mataura,NZ,2021-09-25 14:54:13,-46.1927,168.8643,39.47,98,90,4.32
4,Punta Arenas,CL,2021-09-25 14:52:24,-53.15,-70.9167,41.11,65,75,17.27
5,Sitka,US,2021-09-25 14:55:43,57.0531,-135.33,46.29,87,75,9.22
6,Yellowknife,CA,2021-09-25 14:55:43,62.456,-114.3525,45.41,100,90,5.75
7,Bata,GQ,2021-09-25 14:55:43,1.8639,9.7658,79.27,78,98,7.63
8,New Norfolk,AU,2021-09-25 14:55:43,-42.7826,147.0587,41.92,69,12,1.99
9,Port Alfred,ZA,2021-09-25 14:54:12,-33.5906,26.891,70.47,71,100,2.08
10,Bredasdorp,ZA,2021-09-25 14:54:55,-34.5322,20.0403,81.72,18,97,24.16
11,Mishan,CN,2021-09-25 14:55:44,45.55,131.8833,55.06,96,100,2.3
12,Chokurdakh,RU,2021-09-25 14:54:55,70.6333,147.9167,32.63,98,100,13.56
13,Mar Del Plata,AR,2021-09-25 14:55:44,-38.0023,-57.5575,61.0,63,90,11.99
14,Khani,GE,2021-09-25 14:55:44,41.9563,42.9566,47.77,94,99,2.21
15,Hermanus,ZA,2021-09-25 14:54:11,-34.4187,19.2345,68.81,50,73,16.93
16,Duku,NG,2021-09-25 14:55:44,11.2361,4.9073,90.68,49,58,5.64
17,Sao Filipe,CV,2021-09-25 14:55:45,14.8961,-24.4956,78.8,75,49,6.98
18,Tibiri,NE,2021-09-25 14:55:45,13.5627,7.0485,93.54,55,20,4.61
19,Taoudenni,ML,2021-09-25 14:55:45,22.6783,-3.9836,110.75,6,83,12.8
20,Albany,US,2021-09-25 14:54:12,42.6001,-73.9662,70.3,70,83,2.33
21,Carnarvon,AU,2021-09-25 14:55:09,-24.8667,113.6333,66.27,72,40,9.22
22,Cape Town,ZA,2021-09-25 14:55:45,-33.9258,18.4232,66.11,70,0,20.71
23,Port Elizabeth,ZA,2021-09-25 14:55:46,-33.918,25.5701,73.09,56,0,19.57
24,Isangel,VU,2021-09-25 14:55:46,-19.55,169.2667,68.41,82,82,8.72
25,Tasiilaq,GL,2021-09-25 14:55:46,65.6145,-37.6368,34.79,70,100,3.76
26,Ribeira Grande,PT,2021-09-25 14:55:46,38.5167,-28.7,72.0,94,75,9.22
27,Bacolod,PH,2021-09-25 14:55:46,10.6667,122.95,79.11,83,97,6.13
28,Ushuaia,AR,2021-09-25 14:51:33,-54.8,-68.3,40.66,56,75,12.66
29,Tselinnoye,RU,2021-09-25 14:55:47,53.0833,85.6667,41.61,56,100,10.13
30,Lac,AL,2021-09-25 14:55:47,41.6356,19.7131,77.11,49,0,4.36
31,Port Hueneme,US,2021-09-25 14:55:47,34.1478,-119.1951,70.61,83,90,0.0
32,Huilong,CN,2021-09-25 14:55:47,31.8111,121.655,76.93,80,53,11.14
33,Champerico,GT,2021-09-25 14:55:48,14.3,-91.9167,88.72,73,100,2.42
34,Ketchikan,US,2021-09-25 14:55:48,55.3422,-131.6461,45.07,93,20,0.0
35,Radchenko,RU,2021-09-25 14:55:48,56.6803,36.3718,48.04,95,100,8.37
36,Kabompo,ZM,2021-09-25 14:55:48,-13.5927,24.2008,92.19,10,2,10.63
37,Uyuni,BO,2021-09-25 14:55:49,-20.4597,-66.825,55.45,13,0,9.24
38,Nikolayevsk-Na-Amure,RU,2021-09-25 14:55:49,53.1406,140.73,48.25,69,30,3.62
39,Avarua,CK,2021-09-25 14:51:41,-21.2078,-159.775,75.25,69,75,11.5
40,Quirinopolis,BR,2021-09-25 14:55:49,-18.4483,-50.4517,98.89,16,0,4.41
41,Deputatskiy,RU,2021-09-25 14:55:49,69.3,139.9,26.33,87,100,16.51
42,Biak,ID,2021-09-25 14:54:58,-0.9131,122.8766,75.43,85,99,6.51
43,Half Moon Bay,US,2021-09-25 14:54:15,37.4636,-122.4286,61.99,91,90,0.0
44,Bugiri,UG,2021-09-25 14:55:50,0.5714,33.7417,68.77,83,100,2.28
45,Hasaki,JP,2021-09-25 14:55:13,35.7333,140.8333,66.6,63,100,16.42
46,Kodiak,US,2021-09-25 14:54:32,57.79,-152.4072,37.56,59,37,4.16
47,Nanortalik,GL,2021-09-25 14:55:50,60.1432,-45.2371,39.07,61,0,10.76
48,Airai,TL,2021-09-25 14:55:50,-8.9266,125.4092,59.97,92,99,2.26
49,Luderitz,NA,2021-09-25 14:55:50,-26.6481,15.1594,67.96,54,35,23.94
50,Thompson,CA,2021-09-25 14:55:01,55.7435,-97.8558,42.96,100,90,5.75
51,Berlevag,NO,2021-09-25 14:55:51,70.8578,29.0864,48.2,82,100,8.79
52,Karachi,PK,2021-09-25 14:51:56,24.9056,67.0822,85.82,79,75,14.97
53,Saint-Francois,FR,2021-09-25 14:55:51,46.4154,3.9054,79.48,60,100,9.22
54,Touho,NC,2021-09-25 14:55:51,-20.7833,165.2333,69.71,77,95,10.33
55,Muscle Shoals,US,2021-09-25 14:55:01,34.7448,-87.6675,71.19,74,0,3.0
56,Gornopravdinsk,RU,2021-09-25 14:55:51,60.05,69.9,34.21,83,7,5.53
57,Lorengau,PG,2021-09-25 14:55:52,-2.0226,147.2712,81.77,80,26,8.01
58,Paita,PE,2021-09-25 14:55:52,-5.0892,-81.1144,66.76,73,62,11.81
59,Port Blair,IN,2021-09-25 14:55:52,11.6667,92.75,80.78,86,100,12.68
60,Kashi,CN,2021-09-25 14:55:52,39.4547,75.9797,76.21,17,0,4.47
61,Barinas,VE,2021-09-25 14:55:53,8.6226,-70.2075,78.49,64,50,6.06
62,Dauphin,CA,2021-09-25 14:55:53,51.1494,-100.0502,57.34,35,90,11.5
63,Severo-Kurilsk,RU,2021-09-25 14:55:53,50.6789,156.125,47.46,91,100,13.09
64,Galle,LK,2021-09-25 14:55:53,6.0367,80.217,80.56,86,89,11.1
65,Rikitea,PF,2021-09-25 14:53:28,-23.1203,-134.9692,73.8,73,13,15.64
66,Iqaluit,CA,2021-09-25 14:55:54,63.7506,-68.5145,31.73,86,75,11.01
67,Celestun,MX,2021-09-25 14:55:54,20.8667,-90.4,82.69,70,24,5.14
68,Lompoc,US,2021-09-25 14:54:50,34.6391,-120.4579,55.71,100,90,0.0
69,Sharlyk,RU,2021-09-25 14:55:54,52.9167,54.75,53.53,62,100,8.25
70,Butaritari,KI,2021-09-25 14:55:54,3.0707,172.7902,82.98,73,57,8.97
71,Barra Patuca,HN,2021-09-25 14:55:55,15.8,-84.2833,84.04,74,54,5.14
72,Areka,ET,2021-09-25 14:55:55,7.0667,37.7,60.55,93,99,3.96
73,Hobart,AU,2021-09-25 14:55:55,-42.8794,147.3294,42.26,78,40,1.01
74,Barrow,US,2021-09-25 14:53:23,71.2906,-156.7887,17.55,89,99,6.49
75,Koson,UZ,2021-09-25 14:55:55,39.0375,65.585,80.92,10,0,8.72
76,Lima,PE,2021-09-25 14:51:34,-12.0432,-77.0282,67.14,87,90,1.99
77,Vao,NC,2021-09-25 14:55:55,-22.6667,167.4833,67.71,62,4,9.93
78,Llanes,ES,2021-09-25 14:55:56,43.4198,-4.7549,76.86,75,88,10.13
79,Jamestown,US,2021-09-25 14:55:00,42.097,-79.2353,63.52,42,100,4.0
80,Bathsheba,BB,2021-09-25 14:55:56,13.2167,-59.5167,88.41,66,40,10.36
81,Lagos,NG,2021-09-25 14:50:59,6.5833,3.75,84.45,68,100,7.58
82,Rabak,SD,2021-09-25 14:55:56,13.1809,32.74,86.5,51,75,11.23
83,Altay,CN,2021-09-25 14:55:56,47.8667,88.1167,34.93,58,7,3.44
84,Ambunti,PG,2021-09-25 14:55:57,-4.2365,142.8448,74.64,96,65,2.46
85,Minden,DE,2021-09-25 14:55:57,52.2833,8.9167,73.35,68,100,5.75
86,Henties Bay,NA,2021-09-25 14:55:57,-22.116,14.2845,59.86,76,6,12.97
87,Dir,PK,2021-09-25 14:55:57,35.2058,71.8756,67.71,82,0,2.86
88,Grand-Santi,GF,2021-09-25 14:55:58,4.25,-54.3833,93.42,41,35,3.87
89,Vanimo,PG,2021-09-25 14:55:58,-2.6741,141.3028,78.87,88,59,5.35
90,Upernavik,GL,2021-09-25 14:55:58,72.7868,-56.1549,23.05,68,5,5.17
91,Tuktoyaktuk,CA,2021-09-25 14:55:58,69.4541,-133.0374,32.0,100,90,21.85
92,Pevek,RU,2021-09-25 14:55:58,69.7008,170.3133,30.22,98,100,14.65
93,Castro,BR,2021-09-25 14:55:21,-24.7911,-50.0119,77.36,46,9,0.58
94,Georgetown,MY,2021-09-25 14:53:15,5.4112,100.3354,82.33,83,40,5.01
95,Pringsewu,ID,2021-09-25 14:55:59,-5.3582,104.9744,74.93,94,27,2.73
96,Nazas,MX,2021-09-25 14:55:59,25.2333,-104.1333,75.11,48,66,1.66
97,Zinder,NE,2021-09-25 14:55:59,13.8072,8.9881,100.36,18,0,9.22
98,Avera,US,2021-09-25 14:56:00,33.194,-82.5271,72.91,50,87,3.49
99,Bassano,CA,2021-09-25 14:56:00,50.7834,-112.4685,65.95,46,7,6.51
100,Torbay,CA,2021-09-25 14:56:00,47.6666,-52.7314,57.27,72,75,4.61
101,Viedma,AR,2021-09-25 14:56:00,-40.8135,-62.9967,74.3,35,0,27.16
102,Khetia,IN,2021-09-25 14:56:00,21.6667,74.5833,78.04,88,100,9.66
103,Malayal,PH,2021-09-25 14:56:01,7.208,121.942,80.28,85,100,3.38
104,Saint-Joseph,RE,2021-09-25 14:56:01,-21.3667,55.6167,71.98,69,46,15.05
105,Port Lincoln,AU,2021-09-25 14:56:01,-34.7333,135.8667,51.51,67,39,14.61
106,Monteagudo,BO,2021-09-25 14:56:02,-19.8167,-63.9833,69.58,27,0,4.61
107,Coahuayana,MX,2021-09-25 14:56:02,18.7333,-103.6833,83.23,73,65,1.41
108,Fortuna,US,2021-09-25 14:56:02,40.5982,-124.1573,53.94,69,7,2.3
109,Sibolga,ID,2021-09-25 14:56:02,1.7427,98.7792,78.67,91,100,2.66
110,Bamiantong,CN,2021-09-25 14:56:03,44.9333,130.5333,56.82,98,100,0.49
111,Kiama,AU,2021-09-25 14:55:08,-34.6833,150.8667,54.37,80,100,1.99
112,Chifeng,CN,2021-09-25 14:56:03,42.2683,118.9636,61.3,80,100,4.76
113,Dikson,RU,2021-09-25 14:56:03,73.5069,80.5464,36.72,87,100,18.05
114,Nizhniy Kuranakh,RU,2021-09-25 14:56:03,58.8353,125.4869,33.12,93,97,1.41
115,Klaksvik,FO,2021-09-25 14:56:04,62.2266,-6.589,54.52,97,100,22.7
116,Hilo,US,2021-09-25 14:56:04,19.7297,-155.09,77.29,85,7,3.0
117,Lebu,CL,2021-09-25 14:55:07,-37.6167,-73.65,53.62,89,89,13.87
118,Dharmavaram,IN,2021-09-25 14:56:04,14.4333,77.7167,84.81,55,100,12.84
119,Arraial Do Cabo,BR,2021-09-25 14:56:04,-22.9661,-42.0278,76.96,64,75,21.85
120,Grand Gaube,MU,2021-09-25 14:56:05,-20.0064,57.6608,72.37,69,7,10.0
121,Bethel,US,2021-09-25 14:56:05,41.3712,-73.414,71.58,77,40,2.89
122,Mahebourg,MU,2021-09-25 14:56:05,-20.4081,57.7,72.25,78,40,13.8
123,Hay River,CA,2021-09-25 14:56:05,60.8156,-115.7999,48.18,53,75,6.91
124,Noumea,NC,2021-09-25 14:55:29,-22.2763,166.4572,64.38,77,3,7.09
125,Codrington,AU,2021-09-25 14:54:53,-38.2667,141.9667,45.82,66,77,3.22
126,Maceio,BR,2021-09-25 14:56:06,-9.6658,-35.7353,85.44,70,75,17.27
127,Khatanga,RU,2021-09-25 14:56:06,71.9667,102.5,29.79,92,100,9.91
128,Laguna,US,2021-09-25 14:56:06,38.421,-121.4238,77.5,81,1,1.01
129,Akyab,MM,2021-09-25 14:56:06,20.15,92.9,81.57,83,100,9.91
130,Murzzuschlag,AT,2021-09-25 14:56:07,47.6,15.6833,73.69,56,0,1.68
131,Busselton,AU,2021-09-25 14:56:07,-33.65,115.3333,56.05,77,96,12.53
132,Magdalena,PH,2021-09-25 14:56:07,14.1999,121.429,83.52,92,31,3.42
133,Ganganagar,IN,2021-09-25 14:56:08,29.9167,73.8833,87.84,51,6,7.38
134,Matagami,CA,2021-09-25 14:56:08,49.7502,-77.6328,51.91,93,90,16.11
135,Atuona,PF,2021-09-25 14:56:08,-9.8,-139.0333,77.92,78,38,18.5
136,Byron Bay,AU,2021-09-25 14:56:08,-28.65,153.6167,67.89,74,22,14.92
137,Nouadhibou,MR,2021-09-25 14:56:09,20.931,-17.0347,80.58,61,0,12.66
138,Tagusao,PH,2021-09-25 14:56:09,9.1924,117.8141,80.49,82,99,2.64
139,Rio Grande,BR,2021-09-25 14:56:09,-32.035,-52.0986,68.11,81,93,9.55
140,Saint George,US,2021-09-25 14:55:07,37.1041,-113.5841,80.35,25,1,3.44
141,Dawlatabad,AF,2021-09-25 14:56:10,36.4141,64.9053,81.23,10,0,6.71
142,Lata,PT,2021-09-25 14:56:10,40.1629,-8.3327,74.35,74,91,9.33
143,Ostrovnoy,RU,2021-09-25 14:56:10,68.0531,39.5131,45.55,89,67,9.89
144,Riyadh,SA,2021-09-25 14:53:33,24.6877,46.7219,98.74,12,37,13.42
145,Hualmay,PE,2021-09-25 14:56:10,-11.0964,-77.6139,65.75,77,95,8.95
146,Puerres,CO,2021-09-25 14:56:10,1.1937,-77.2666,59.9,67,91,6.87
147,Gashua,NG,2021-09-25 14:56:11,12.871,11.0482,100.26,12,6,7.4
148,Victoria,HK,2021-09-25 14:53:06,22.2855,114.1577,86.32,80,1,1.01
149,Calvinia,ZA,2021-09-25 14:56:11,-31.4707,19.776,76.98,15,97,13.8
150,Hithadhoo,MV,2021-09-25 14:56:11,-0.6,73.0833,83.3,73,100,9.75
151,Elhovo,BG,2021-09-25 14:56:11,42.1667,26.5667,84.65,36,7,1.39
152,Hvolsvollur,IS,2021-09-25 14:56:12,63.7533,-20.2243,41.81,59,98,10.2
153,Terrace,CA,2021-09-25 14:56:12,54.5163,-128.6035,51.71,100,90,4.61
154,Olinda,BR,2021-09-25 14:56:12,-8.0089,-34.8553,80.33,65,40,13.8
155,Tomatlan,MX,2021-09-25 14:56:12,19.9333,-105.25,79.9,84,50,1.97
156,Kieta,PG,2021-09-25 14:56:13,-6.2167,155.6333,78.85,86,47,6.02
157,Cabo San Lucas,MX,2021-09-25 14:56:13,22.8909,-109.9124,83.52,82,13,3.13
158,Narsaq,GL,2021-09-25 14:56:13,60.9167,-46.05,40.55,34,0,1.07
159,Gat,IL,2021-09-25 14:56:13,31.61,34.7642,83.39,45,0,18.05
160,Talnakh,RU,2021-09-25 14:55:35,69.4865,88.3972,32.09,72,76,1.16
161,Lavrentiya,RU,2021-09-25 14:56:14,65.5833,-171.0,29.89,88,100,11.43
162,Qandala,SO,2021-09-25 14:56:14,11.472,49.8728,88.84,55,80,2.62
163,Esna,EG,2021-09-25 14:56:14,25.2934,32.554,95.02,17,2,17.09
164,Caloundra,AU,2021-09-25 14:56:14,-26.8,153.1333,63.9,76,98,9.13
165,Flinders,AU,2021-09-25 14:56:15,-34.5833,150.8552,54.21,75,100,5.99
166,Katherine,AU,2021-09-25 14:56:15,-14.4667,132.2667,82.72,26,31,9.22
167,Nemuro,JP,2021-09-25 14:56:15,43.3236,145.575,52.9,82,0,9.15
168,Kaitangata,NZ,2021-09-25 14:56:15,-46.2817,169.8464,37.96,89,38,8.16
169,Faanui,PF,2021-09-25 14:56:15,-16.4833,-151.75,77.65,75,1,10.56
170,Roma,US,2021-09-25 14:52:55,43.2128,-75.4557,69.84,85,97,1.01
171,Agogo,GH,2021-09-25 14:56:16,6.8,-1.0819,75.87,84,97,3.87
172,Chupa,RU,2021-09-25 14:56:16,66.27,33.0549,46.51,88,98,6.6
173,Pidhaytsi,UA,2021-09-25 14:56:16,49.2685,25.1334,64.02,63,87,13.02
174,Worland,US,2021-09-25 14:56:16,44.0169,-107.9554,54.75,26,1,4.09
175,San Jose,US,2021-09-25 14:51:17,37.3394,-121.895,61.93,87,75,0.0
176,Nicoya,CR,2021-09-25 14:56:17,10.1483,-85.452,78.35,78,73,2.73
177,Paragominas,BR,2021-09-25 14:56:17,-2.9667,-47.4833,94.01,38,100,6.4
178,Vila,PT,2021-09-25 14:56:17,42.0304,-8.1588,61.32,89,93,7.07
179,Manggar,ID,2021-09-25 14:56:17,-2.8833,108.2667,81.25,78,47,4.41
180,Innisfail,AU,2021-09-25 14:56:18,-17.5333,146.0333,67.19,90,28,3.4
181,Roebourne,AU,2021-09-25 14:56:18,-20.7833,117.1333,73.71,58,2,17.27
182,Orlik,RU,2021-09-25 14:56:18,52.5178,99.825,31.64,91,100,2.8
183,Bluff,NZ,2021-09-25 14:56:18,-46.6,168.3333,39.79,63,60,20.07
184,Preobrazheniye,RU,2021-09-25 14:56:19,42.9019,133.9064,58.19,85,100,3.87
185,Qaanaaq,GL,2021-09-25 14:54:49,77.484,-69.3632,21.24,70,99,8.1
186,Porteirinha,BR,2021-09-25 14:56:19,-15.7433,-43.0283,90.32,27,0,4.99
187,Puerto Ayora,EC,2021-09-25 14:56:19,-0.7393,-90.3518,71.56,85,99,8.72
188,Khandyga,RU,2021-09-25 14:56:19,62.6667,135.6,38.7,94,100,3.74
189,Kapaa,US,2021-09-25 14:56:20,22.0752,-159.319,75.52,78,40,1.99
190,Bose,IT,2021-09-25 14:56:20,45.4612,8.0137,68.76,81,97,3.65
191,Bonavista,CA,2021-09-25 14:56:20,48.6499,-53.1147,55.4,62,83,8.57
192,Fonte Boa,BR,2021-09-25 14:56:20,-2.4959,-66.2662,88.0,58,26,3.24
193,Adwa,ET,2021-09-25 14:56:20,14.1646,38.8955,68.63,57,99,2.06
194,Kristiansand,NO,2021-09-25 14:56:21,58.1467,7.9956,62.62,48,0,9.22
195,Vagur,FO,2021-09-25 14:56:21,61.4732,-6.8119,52.38,94,100,30.71
196,Sikasso,ML,2021-09-25 14:56:21,10.9167,-7.0,89.64,50,48,4.21
197,Salalah,OM,2021-09-25 14:55:19,17.0151,54.0924,81.05,86,44,4.16
198,Pimenta Bueno,BR,2021-09-25 14:56:21,-11.6725,-61.1936,103.32,25,20,3.0
199,Kutum,SD,2021-09-25 14:56:22,14.2,24.6667,84.9,23,74,19.51
200,Onguday,RU,2021-09-25 14:56:22,50.75,86.15,34.59,66,100,2.98
201,Sao Felix Do Xingu,BR,2021-09-25 14:54:08,-6.6447,-51.995,99.21,28,53,5.48
202,Sao Paulo De Olivenca,BR,2021-09-25 14:56:22,-3.3783,-68.8725,80.02,76,99,4.65
203,Poum,NC,2021-09-25 14:56:22,-20.2333,164.0167,71.33,70,98,5.5
204,Huai Yot,TH,2021-09-25 14:56:23,7.7893,99.6348,76.14,92,100,1.63
205,Norman Wells,CA,2021-09-25 14:56:23,65.282,-126.8329,32.04,93,90,13.8
206,Zhumadian,CN,2021-09-25 14:52:40,32.9794,114.0294,67.24,95,100,10.8
207,Koumac,NC,2021-09-25 14:56:23,-20.5667,164.2833,67.8,77,20,3.09
208,Coquimbo,CL,2021-09-25 14:52:55,-29.9533,-71.3436,55.13,87,90,4.61
209,Wagar,SD,2021-09-25 14:56:23,16.1525,36.2032,97.93,26,24,1.79
210,Moerai,PF,2021-09-25 14:56:24,-22.4333,-151.3333,72.52,71,100,11.72
211,Tobermory,CA,2021-09-25 14:56:24,45.2501,-81.6665,54.3,85,100,17.83
212,Madang,PG,2021-09-25 14:55:35,-5.2246,145.7966,78.39,89,48,7.87
213,Nome,US,2021-09-25 14:54:49,64.5011,-165.4064,39.16,96,100,8.97
214,Thunder Bay,CA,2021-09-25 14:52:05,48.4001,-89.3168,51.57,92,75,3.44
215,Padang,ID,2021-09-25 14:56:24,-0.9492,100.3543,78.85,88,99,1.57
216,Boyolangu,ID,2021-09-25 14:56:24,-8.1181,111.8935,76.17,89,83,6.53
217,Mount Gambier,AU,2021-09-25 14:56:25,-37.8333,140.7667,42.71,93,90,3.44
218,Labuhan,ID,2021-09-25 14:56:25,-6.8844,112.2051,80.67,77,46,6.35
219,Lucea,JM,2021-09-25 14:56:25,18.451,-78.1736,87.85,68,7,7.7
220,Richards Bay,ZA,2021-09-25 14:55:07,-28.783,32.0377,76.05,65,56,15.99
221,Casablanca,MA,2021-09-25 14:55:44,33.5928,-7.6192,82.42,61,0,13.0
222,Kavieng,PG,2021-09-25 14:56:25,-2.5744,150.7967,82.29,78,11,15.37
223,Alekseyevsk,RU,2021-09-25 14:56:26,57.8406,108.3492,39.74,90,100,8.21
224,Mandalgovi,MN,2021-09-25 14:56:26,45.7625,106.2708,51.26,27,17,15.41
225,Narsingi,IN,2021-09-25 14:56:26,18.0333,78.4333,73.35,92,98,5.73
226,Mehamn,NO,2021-09-25 14:56:26,71.0357,27.8492,47.95,79,100,7.36
227,Itarema,BR,2021-09-25 14:56:26,-2.9248,-39.9167,89.4,51,61,20.45
228,Porto Walter,BR,2021-09-25 14:56:27,-8.2686,-72.7439,92.5,42,75,1.39
229,Chuy,UY,2021-09-25 14:56:27,-33.6971,-53.4616,61.97,84,98,10.89
230,Vanavara,RU,2021-09-25 14:56:27,60.34,102.2797,29.34,78,7,3.71
231,Perry,US,2021-09-25 14:56:27,37.2506,-83.1999,65.53,49,98,5.53
232,Alta Floresta,BR,2021-09-25 14:56:28,-9.8756,-56.0861,87.62,55,0,3.44
233,Lishui,CN,2021-09-25 14:56:28,28.4604,119.9103,70.54,92,86,3.78
234,Mwinilunga,ZM,2021-09-25 14:56:28,-11.7358,24.4293,88.27,13,36,9.17
235,Creel,MX,2021-09-25 14:56:28,27.75,-107.6333,59.94,69,100,3.31
236,Abu Samrah,SY,2021-09-25 14:56:29,35.3029,37.1841,78.4,23,0,2.66
237,Vestmannaeyjar,IS,2021-09-25 14:55:50,63.4427,-20.2734,41.99,81,90,26.46
238,Andros Town,BS,2021-09-25 14:56:29,24.7,-77.7667,85.96,65,87,5.44
239,Chanika,TZ,2021-09-25 14:56:29,-5.4167,38.0167,76.46,53,89,8.34
240,Marsa Matruh,EG,2021-09-25 14:56:29,31.3525,27.2453,75.09,57,2,13.18
241,Vila Franca Do Campo,PT,2021-09-25 14:56:30,37.7167,-25.4333,73.81,70,100,15.52
242,Beyneu,KZ,2021-09-25 14:56:30,45.3167,55.2,69.62,42,3,14.72
243,Talaya,RU,2021-09-25 14:56:30,61.3833,152.75,33.1,87,100,2.08
244,Leningradskiy,RU,2021-09-25 14:56:30,69.3833,178.4167,19.62,75,100,7.45
245,Sharan,RU,2021-09-25 14:56:30,54.8167,54.0,53.17,42,100,4.88
246,Selizharovo,RU,2021-09-25 14:56:31,56.8519,33.4487,46.45,98,100,6.46
247,Kahului,US,2021-09-25 14:56:31,20.8947,-156.47,77.85,82,7,7.0
248,Dolores,AR,2021-09-25 14:56:31,-36.3132,-57.6792,62.56,69,92,13.15
249,Thinadhoo,MV,2021-09-25 14:56:31,0.5333,72.9333,82.9,76,87,12.5
250,Ancud,CL,2021-09-25 14:56:32,-41.8697,-73.8203,53.13,88,98,12.15
251,Sistranda,NO,2021-09-25 14:56:32,63.7256,8.834,49.96,78,89,19.57
252,Ziro,IN,2021-09-25 14:56:32,27.6333,93.8333,65.14,94,25,2.1
253,Husavik,IS,2021-09-25 14:56:32,66.0449,-17.3389,39.11,94,100,10.13
254,Kaihua,CN,2021-09-25 14:56:33,23.3687,104.28,63.37,97,18,4.16
255,Jiujiang,CN,2021-09-25 14:56:33,29.7333,115.9833,83.57,65,99,2.37
256,Provideniya,RU,2021-09-25 14:56:33,64.3833,-173.3,30.61,83,100,8.75
257,Tiruchchirappalli,IN,2021-09-25 14:56:33,10.8167,78.6833,87.91,58,75,5.75
258,Tuatapere,NZ,2021-09-25 14:56:34,-46.1333,167.6833,39.81,86,94,8.1
259,Saskylakh,RU,2021-09-25 14:56:34,71.9167,114.0833,29.98,92,87,15.28
260,Dunedin,NZ,2021-09-25 14:56:34,-45.8742,170.5036,45.81,64,69,13.67
261,Ust-Nera,RU,2021-09-25 14:56:34,64.5667,143.2,38.68,98,100,4.74
262,Nardo,IT,2021-09-25 14:56:35,40.1751,18.0297,82.47,35,0,1.59
263,Souillac,MU,2021-09-25 14:56:35,-20.5167,57.5167,72.36,78,40,13.8
264,Sorland,NO,2021-09-25 14:56:35,67.667,12.6934,49.21,69,91,17.27
265,Tres Lagoas,BR,2021-09-25 14:56:35,-20.7511,-51.6783,100.08,17,4,1.86
266,Ponta Do Sol,PT,2021-09-25 14:54:39,32.6667,-17.1,77.63,58,93,1.7
267,Cayenne,GF,2021-09-25 14:56:35,4.9333,-52.3333,89.64,72,75,1.99
268,Esperance,AU,2021-09-25 14:54:55,-33.8667,121.9,53.44,77,100,21.88
269,Ugoofaaru,MV,2021-09-25 14:56:36,5.6667,73.0,82.63,81,98,21.39
270,Marzuq,YE,2021-09-25 14:56:36,14.4,46.4667,84.49,32,8,5.95
271,Hobyo,SO,2021-09-25 14:56:36,5.3505,48.5268,78.8,80,64,21.36
272,Pacific Grove,US,2021-09-25 14:56:36,36.6177,-121.9166,63.16,94,90,1.99
273,Micheweni,TZ,2021-09-25 14:56:37,-4.9667,39.8333,77.97,77,20,12.48
274,Oyama,JP,2021-09-25 14:56:37,36.3,139.8,73.58,69,100,6.11
275,Solwezi,ZM,2021-09-25 14:56:37,-12.1688,26.3894,85.28,16,79,8.41
276,Bojnurd,IR,2021-09-25 14:56:37,37.4747,57.329,76.95,53,0,16.11
277,Henderson,US,2021-09-25 14:56:38,36.0397,-114.9819,80.24,44,1,5.75
278,Sovetskiy,RU,2021-09-25 14:56:38,61.3614,63.5842,38.53,77,21,9.04
279,Touros,BR,2021-09-25 14:56:38,-5.1989,-35.4608,88.7,57,6,18.41
280,Voskresenskoye,RU,2021-09-25 14:56:38,56.8381,45.4317,47.08,94,82,5.1
281,Trofors,NO,2021-09-25 14:56:38,65.5333,13.4063,51.15,85,100,5.88
282,Ilulissat,GL,2021-09-25 14:56:39,69.2167,-51.1,14.54,58,6,4.97
283,Angoche,MZ,2021-09-25 14:56:39,-16.2325,39.9086,77.2,74,2,10.04
284,Vardo,NO,2021-09-25 14:54:43,70.3705,31.1107,47.1,91,100,8.39
285,Santa Fe,AR,2021-09-25 14:53:15,-31.6333,-60.7,73.74,46,0,8.99
286,Dongsheng,CN,2021-09-25 14:56:39,39.8161,109.9776,60.78,74,85,10.78
287,Bhuban,IN,2021-09-25 14:56:39,20.8833,85.8333,79.77,87,100,0.11
288,Valparaiso,CL,2021-09-25 14:56:40,-33.0393,-71.6273,60.44,84,75,4.61
289,Cherskiy,RU,2021-09-25 14:56:40,68.75,161.3,29.75,98,100,11.63
290,Ahipara,NZ,2021-09-25 14:56:40,-35.1667,173.1667,57.76,84,100,7.0
291,Yangjiang,CN,2021-09-25 14:56:40,21.85,111.9667,78.78,88,0,5.99
292,Baiyin,CN,2021-09-25 14:56:41,36.5583,104.2081,67.08,59,80,7.99
293,Campbellton,CA,2021-09-25 14:56:41,48.0075,-66.6727,59.41,97,100,2.1
294,Goya,AR,2021-09-25 14:56:41,-29.14,-59.2626,75.15,37,0,6.93
295,Damavand,IR,2021-09-25 14:56:41,35.7178,52.065,78.64,18,0,3.53
296,Plettenberg Bay,ZA,2021-09-25 14:56:42,-34.0527,23.3716,67.35,59,94,3.2
297,Zhezkazgan,KZ,2021-09-25 14:56:42,47.8043,67.7144,59.13,18,0,9.8
298,Osakarovka,KZ,2021-09-25 14:56:42,50.565,72.5692,47.34,31,71,3.58
299,Mandera,KE,2021-09-25 14:56:42,3.9366,41.867,92.1,28,46,15.79
300,Port Pirie,AU,2021-09-25 14:56:43,-33.1833,138.0167,55.49,75,1,7.0
301,Trairi,BR,2021-09-25 14:52:38,-3.2778,-39.2689,88.5,52,74,18.28
302,Parkes,AU,2021-09-25 14:56:43,-33.1333,148.1833,44.35,70,0,5.66
303,Ust-Ordynskiy,RU,2021-09-25 14:56:43,52.805,104.7508,37.24,89,100,9.78
304,Balykshi,KZ,2021-09-25 14:56:43,47.0667,51.8667,60.8,48,20,11.18
305,Zverinogolovskoye,RU,2021-09-25 14:56:43,54.4586,64.8542,50.31,40,50,8.46
306,Nantucket,US,2021-09-25 14:56:44,41.2835,-70.0995,71.1,94,52,5.95
307,Rawson,AR,2021-09-25 14:56:44,-43.3002,-65.1023,76.41,28,21,23.82
308,Geraldton,AU,2021-09-25 14:56:44,-28.7667,114.6,63.12,77,75,8.05
309,Naberera,TZ,2021-09-25 14:56:44,-4.2,36.9333,70.41,50,99,15.21
310,Alofi,NU,2021-09-25 14:56:45,-19.0595,-169.9187,69.69,68,22,8.05
311,Tiksi,RU,2021-09-25 14:56:45,71.6872,128.8694,32.54,89,100,20.49
312,Beloha,MG,2021-09-25 14:55:10,-25.1667,45.05,79.14,43,0,11.86
313,Nikolskoye,RU,2021-09-25 14:56:45,59.7035,30.7861,51.4,95,100,7.11
314,Yaviza,PA,2021-09-25 14:56:45,8.1537,-77.6931,81.79,86,81,1.72
315,Forio,IT,2021-09-25 14:56:46,40.7342,13.8646,82.26,58,69,4.85
316,Marienburg,PL,2021-09-25 14:56:46,54.0359,19.0266,64.89,59,11,13.76
317,Namibe,AO,2021-09-25 14:54:18,-15.1961,12.1522,69.24,76,21,14.38
318,Kathmandu,NP,2021-09-25 14:56:46,27.7167,85.3167,71.82,88,20,0.0
319,Huarmey,PE,2021-09-25 14:56:46,-10.0681,-78.1522,67.96,75,75,8.84
320,Longyearbyen,SJ,2021-09-25 14:55:12,78.2186,15.6401,44.44,76,75,10.36
321,Eregli,TR,2021-09-25 14:56:47,37.5133,34.0467,66.34,29,0,7.23
322,Kandrian,PG,2021-09-25 14:56:47,-6.2167,149.55,77.0,91,37,5.86
323,Saldanha,ZA,2021-09-25 14:55:14,-33.0117,17.9442,69.85,72,3,6.73
324,Kruisfontein,ZA,2021-09-25 14:56:47,-34.0033,24.7314,70.88,50,100,10.92
325,Saint-Philippe,RE,2021-09-25 14:54:43,-21.3585,55.7679,72.99,71,75,13.49
326,Zilair,RU,2021-09-25 14:56:47,52.2332,57.4392,54.46,38,100,10.42
327,Narrabri,AU,2021-09-25 14:56:48,-30.3167,149.7833,59.09,36,77,9.22
328,Comodoro Rivadavia,AR,2021-09-25 14:56:48,-45.8667,-67.5,67.86,32,0,13.8
329,Beringovskiy,RU,2021-09-25 14:54:44,63.05,179.3167,29.32,72,16,8.79
330,Portel,BR,2021-09-25 14:56:48,-1.9356,-50.8211,92.66,47,98,5.23
331,Halifax,CA,2021-09-25 14:52:13,44.6453,-63.5724,70.34,90,100,8.99
332,Ulefoss,NO,2021-09-25 14:56:48,59.2838,9.2646,68.09,38,44,2.55
333,Bocas Del Toro,PA,2021-09-25 14:56:49,9.3333,-82.25,88.07,72,43,2.55
334,Ajdabiya,LY,2021-09-25 14:56:09,30.7554,20.2263,78.62,44,0,13.2
335,Alyangula,AU,2021-09-25 14:56:49,-13.8483,136.4192,69.67,88,55,3.44
336,Ayan,RU,2021-09-25 14:56:49,56.45,138.1667,52.92,68,99,6.78
337,Petauke,ZM,2021-09-25 14:56:49,-14.2426,31.3253,86.0,15,14,8.55
338,Christchurch,NZ,2021-09-25 14:56:49,-43.5333,172.6333,52.0,54,0,1.99
339,Los Llanos De Aridane,ES,2021-09-25 14:55:42,28.6585,-17.9182,73.15,76,75,4.61
340,Penzance,GB,2021-09-25 14:56:50,50.1186,-5.5371,66.76,94,20,6.91
341,Aksarka,RU,2021-09-25 14:56:50,66.5606,67.7975,35.29,67,54,7.09
342,Luanda,AO,2021-09-25 14:52:40,-8.8368,13.2343,80.6,69,0,12.66
343,Sur,OM,2021-09-25 14:56:27,22.5667,59.5289,88.2,58,54,5.37
344,Japura,ID,2021-09-25 14:56:50,-0.3167,102.35,76.39,95,88,3.27
345,Agadir,MA,2021-09-25 14:56:50,30.4202,-9.5982,81.05,48,0,8.84
346,Honningsvag,NO,2021-09-25 14:56:51,70.9821,25.9704,47.89,78,100,9.82
347,Mucuri,BR,2021-09-25 14:56:51,-18.0864,-39.5508,77.0,50,0,10.58
348,Porto Novo,BJ,2021-09-25 14:54:18,6.4965,2.6036,85.82,65,90,10.92
349,Bridlington,GB,2021-09-25 14:56:51,54.0831,-0.1919,69.15,77,100,8.57
350,Shasta Lake,US,2021-09-25 14:56:51,40.6804,-122.3708,61.86,53,9,3.02
351,Kourou,GF,2021-09-25 14:56:52,5.1552,-52.6478,89.65,56,78,8.57
352,Te Anau,NZ,2021-09-25 14:56:52,-45.4167,167.7167,34.68,92,86,2.08
353,Puerto Escondido,MX,2021-09-25 14:56:52,15.85,-97.0667,83.66,68,66,2.21
354,Saint-Gaudens,FR,2021-09-25 14:56:52,43.0833,0.6667,83.14,45,17,3.89
355,Necochea,AR,2021-09-25 14:56:53,-38.5473,-58.7368,61.03,64,0,17.65
356,Karakol,KG,2021-09-25 14:56:53,42.4907,78.3936,54.32,24,9,3.58
357,Broome,US,2021-09-25 14:56:53,42.2506,-75.833,66.56,79,99,1.01
358,Mogadishu,SO,2021-09-25 14:56:53,2.0371,45.3438,82.27,83,40,16.11
359,Nchelenge,ZM,2021-09-25 14:56:54,-9.3451,28.734,84.43,35,6,8.32
360,East London,ZA,2021-09-25 14:56:54,-33.0153,27.9116,77.94,61,0,9.22
361,Puqi,CN,2021-09-25 14:56:54,29.7167,113.8833,82.87,67,81,3.91
362,Solnechnyy,RU,2021-09-25 14:56:54,50.7214,136.6319,51.64,73,98,2.75
363,Kloulklubed,PW,2021-09-25 14:56:54,7.0419,134.2556,83.37,78,94,16.87
364,Barroquinha,BR,2021-09-25 14:56:55,-3.0189,-41.1361,89.38,29,81,9.4
365,Glendive,US,2021-09-25 14:56:55,47.1053,-104.7125,61.95,36,8,8.59
366,Palencia,ES,2021-09-25 14:56:55,42.4167,-4.5,62.92,52,96,16.53
367,Takoradi,GH,2021-09-25 14:56:55,4.8845,-1.7554,77.31,87,100,6.17
368,Santiago,CL,2021-09-25 14:56:56,-33.4569,-70.6483,52.75,87,90,3.44
369,Redcar,GB,2021-09-25 14:56:56,54.6166,-1.06,69.53,72,100,5.99
370,Talakan,RU,2021-09-25 14:56:56,50.3167,130.3667,49.98,80,44,2.04
371,Burla,IN,2021-09-25 14:56:56,21.5,83.8667,80.31,81,45,0.83
372,Kalmunai,LK,2021-09-25 14:56:57,7.4167,81.8167,82.96,77,98,5.82
373,Enkoping,SE,2021-09-25 14:56:57,59.6361,17.0777,62.47,54,0,10.31
374,Nizwa,OM,2021-09-25 14:56:57,22.9333,57.5333,84.13,51,99,3.62
375,Port Hardy,CA,2021-09-25 14:56:15,50.6996,-127.4199,51.98,93,75,0.0
376,Carbonia,IT,2021-09-25 14:56:57,39.1672,8.5222,81.25,49,98,6.17
377,Vila Velha,BR,2021-09-25 14:55:18,-20.3297,-40.2925,80.55,56,20,13.8
378,Bengkulu,ID,2021-09-25 14:56:57,-3.8004,102.2655,77.7,87,100,2.98
379,Concepcion Del Oro,MX,2021-09-25 14:56:58,24.6333,-101.4167,62.62,69,8,3.89
380,Qui Nhon,VN,2021-09-25 14:56:58,13.7667,109.2333,77.95,88,100,2.95
381,Pedasi,PA,2021-09-25 14:56:58,7.5333,-80.0333,80.4,77,100,2.44
382,Zhaotong,CN,2021-09-25 14:56:58,27.3167,103.7167,62.53,84,8,4.09
383,Ulaangom,MN,2021-09-25 14:56:59,49.9811,92.0667,41.27,39,44,5.28
384,Barcelos,PT,2021-09-25 14:55:22,41.5388,-8.6151,70.84,82,47,10.11
385,Yueyang,CN,2021-09-25 14:56:59,29.3333,113.0919,83.53,58,11,5.48
386,Manokwari,ID,2021-09-25 14:56:59,-0.8667,134.0833,77.86,83,81,3.67
387,Sinegorskiy,RU,2021-09-25 14:56:59,48.0139,40.8447,58.75,61,88,7.7
388,Arinos,BR,2021-09-25 14:57:00,-15.9169,-46.1056,97.86,24,3,3.96
389,Pangody,RU,2021-09-25 14:57:00,65.85,74.4859,33.6,77,6,7.92
390,Seybaplaya,MX,2021-09-25 14:55:14,19.65,-90.6667,81.7,71,89,5.06
391,Bay Roberts,CA,2021-09-25 14:57:00,47.5999,-53.2648,58.05,71,58,5.01
392,Vung Tau,VN,2021-09-25 14:57:00,10.346,107.0843,78.84,86,100,9.82
393,Ust-Koksa,RU,2021-09-25 14:57:01,50.2696,85.6108,30.92,74,85,2.42
394,Okhotsk,RU,2021-09-25 14:57:01,59.3833,143.3,45.91,71,16,7.94
395,Ternate,ID,2021-09-25 14:57:01,0.8,127.4,81.07,80,99,6.02
396,Labrea,BR,2021-09-25 14:53:08,-7.2586,-64.7981,97.81,37,37,2.28
397,Morgan City,US,2021-09-25 14:57:01,29.6994,-91.2068,75.0,66,5,5.7
398,Yelizovo,RU,2021-09-25 14:57:01,53.1873,158.3805,41.14,100,20,6.71
399,Maues,BR,2021-09-25 14:57:02,-3.3836,-57.7186,97.14,36,61,3.71
400,Namatanai,PG,2021-09-25 14:57:02,-3.6667,152.4333,79.3,82,14,8.23
401,Ornskoldsvik,SE,2021-09-25 14:57:02,63.2909,18.7153,57.02,71,12,14.97
402,Hovd,MN,2021-09-25 14:56:56,48.0056,91.6419,41.86,44,5,4.25
403,Nanyang,CN,2021-09-25 14:55:28,32.9947,112.5328,65.77,91,100,18.14
404,Tautira,PF,2021-09-25 14:55:45,-17.7333,-149.15,75.22,77,21,9.22
405,Hambantota,LK,2021-09-25 14:57:03,6.1241,81.1185,84.54,74,75,6.91
406,Cesme,TR,2021-09-25 14:57:03,38.3228,26.3064,73.47,57,0,13.87
407,Yarmouth,US,2021-09-25 14:57:03,41.7057,-70.2286,72.1,93,90,5.01
408,Kastamonu,TR,2021-09-25 14:57:03,41.5,33.6667,54.79,54,33,8.05
409,Sawara,JP,2021-09-25 14:57:03,35.8833,140.5,73.9,83,75,5.75
410,Aginskoye,RU,2021-09-25 14:57:04,51.1,114.53,57.49,80,100,19.26
411,Virginia Beach,US,2021-09-25 14:52:46,36.8529,-75.978,75.25,62,20,5.75
412,Port Hedland,AU,2021-09-25 14:56:17,-20.3167,118.5667,73.45,73,9,12.66
413,Hami,CN,2021-09-25 14:55:43,42.8,93.45,62.53,15,2,9.15
414,Grindavik,IS,2021-09-25 14:56:38,63.8424,-22.4338,46.87,66,75,17.27
415,Liberal,US,2021-09-25 14:57:04,37.0431,-100.921,61.16,45,5,9.86
416,Pisco,PE,2021-09-25 14:57:04,-13.7,-76.2167,64.02,82,20,8.05
417,Willowmore,ZA,2021-09-25 14:57:05,-33.2926,23.4895,86.14,10,95,11.9
418,Kuching,MY,2021-09-25 14:57:05,1.55,110.3333,77.22,88,40,0.0
419,Bitung,ID,2021-09-25 14:57:05,1.4451,125.1824,77.85,83,100,12.15
420,Fairbanks,US,2021-09-25 14:56:59,64.8378,-147.7164,31.23,94,100,0.92
421,Warmbad,NA,2021-09-25 14:57:05,-28.45,18.7333,93.27,5,78,13.33
422,Havre-Saint-Pierre,CA,2021-09-25 14:57:05,50.2334,-63.5986,57.56,100,90,3.44
423,Mitsamiouli,KM,2021-09-25 14:57:06,-11.3847,43.2844,82.69,69,40,5.75
424,Seoul,KR,2021-09-25 14:54:47,37.5683,126.9778,71.04,83,0,4.61
425,Ipixuna,BR,2021-09-25 14:57:06,-1.7625,-48.8043,85.95,45,99,4.18
426,Nuqui,CO,2021-09-25 14:57:06,5.7125,-77.2708,77.94,85,100,2.24
427,Qasigiannguit,GL,2021-09-25 14:57:07,68.8193,-51.1922,18.48,71,12,2.86
428,Ojinaga,MX,2021-09-25 14:57:07,29.5667,-104.4167,79.75,34,1,10.36
429,Lalmohan,BD,2021-09-25 14:57:07,22.3384,90.7419,82.85,83,92,9.75
430,Little Current,CA,2021-09-25 14:57:07,45.9793,-81.9248,57.25,84,100,15.88
431,Jumla,NP,2021-09-25 14:57:07,29.2747,82.1838,60.26,91,77,2.24
432,Mersing,MY,2021-09-25 14:57:08,2.4312,103.8405,76.91,88,64,5.75
433,Telimele,GN,2021-09-25 14:57:08,10.9167,-13.3333,83.59,67,100,3.22
434,Asilah,MA,2021-09-25 14:57:08,35.465,-6.0348,76.96,66,0,9.82
435,San Vicente,AR,2021-09-25 14:57:09,-26.6167,-54.1333,79.3,24,0,2.21
436,Lagoa,PT,2021-09-25 14:57:09,39.05,-27.9833,70.61,86,100,11.05
437,Bambous Virieux,MU,2021-09-25 14:55:20,-20.3428,57.7575,72.21,78,40,13.8
438,Buala,SB,2021-09-25 14:57:09,-8.145,159.5921,79.97,83,13,7.61
439,Whitecourt,CA,2021-09-25 14:57:09,54.1502,-115.6855,51.04,87,90,3.44
440,Payo,ID,2021-09-25 14:57:10,-3.7508,103.6372,74.46,96,99,2.21
441,Shingu,JP,2021-09-25 14:57:10,33.7333,135.9833,74.91,89,99,8.23
442,San Quintin,MX,2021-09-25 14:57:10,30.4833,-115.95,67.69,81,51,4.16
443,Cabedelo,BR,2021-09-25 14:56:04,-6.9811,-34.8339,83.07,70,52,15.43
444,Cururupu,BR,2021-09-25 14:57:10,-1.8283,-44.8683,89.53,53,59,9.73
445,Rapid Valley,US,2021-09-25 14:57:11,44.0625,-103.1463,71.64,37,9,2.86
446,San Rafael,AR,2021-09-25 14:57:11,-34.6177,-68.3301,75.34,23,0,15.84
447,Cockburn Town,TC,2021-09-25 14:57:07,21.4612,-71.1419,85.96,62,40,5.75
448,Anloga,GH,2021-09-25 14:57:11,5.7947,0.8973,86.22,83,99,10.78
449,Ormara,PK,2021-09-25 14:57:11,25.2088,64.6357,82.08,80,25,11.41
450,Kushalgarh,IN,2021-09-25 14:57:11,23.199,74.4507,77.41,88,97,9.53
451,Buraydah,SA,2021-09-25 14:57:12,26.326,43.975,102.65,12,5,7.49
452,Limbang,MY,2021-09-25 14:57:12,4.75,115.0,80.71,96,100,1.59
453,Yuzhnyy,RU,2021-09-25 14:57:12,53.2542,83.6936,44.98,49,75,8.95
454,Qaqortoq,GL,2021-09-25 14:57:12,60.7167,-46.0333,40.66,40,0,4.16
455,Puerto Cabezas,NI,2021-09-25 14:57:13,14.0351,-83.3888,76.96,94,75,4.61
456,Kajaani,FI,2021-09-25 14:57:13,64.2273,27.7285,46.45,93,90,1.14
457,Mitu,CO,2021-09-25 14:57:13,1.1983,-70.1733,78.89,72,100,3.69
458,Askiz,RU,2021-09-25 14:57:13,53.1319,90.5264,37.06,74,100,5.08
459,Damietta,EG,2021-09-25 14:57:14,31.4165,31.8133,78.69,56,0,12.33
460,Manaure,CO,2021-09-25 14:57:14,11.7751,-72.4445,89.74,56,13,15.66
461,Flower Mound,US,2021-09-25 14:52:47,33.0146,-97.097,78.26,60,1,1.01
462,Lavumisa,SZ,2021-09-25 14:57:14,-27.31,31.892,87.42,31,19,10.92
463,Baoro,CF,2021-09-25 14:57:14,5.6667,15.9667,78.26,79,97,4.5
464,Roald,NO,2021-09-25 14:57:15,62.5833,6.1333,55.9,71,75,16.11
465,Berbera,SO,2021-09-25 14:57:15,10.4396,45.0143,89.92,63,93,1.54
466,Asyut,EG,2021-09-25 14:57:15,27.181,31.1837,87.98,20,0,12.21
467,Mendi,PG,2021-09-25 14:57:15,-6.1761,143.6513,54.0,97,40,2.57
468,Maldonado,UY,2021-09-25 14:57:16,-34.6667,-54.9167,63.79,71,78,8.43
469,Manicore,BR,2021-09-25 14:57:16,-5.8092,-61.3003,87.93,56,100,4.61
470,Kalianget,ID,2021-09-25 14:57:16,-7.05,113.9333,81.84,75,26,14.43
471,Kysyl-Syr,RU,2021-09-25 14:57:16,63.8986,122.7617,32.22,81,13,5.1
472,Phalaborwa,ZA,2021-09-25 14:57:17,-23.943,31.1411,90.68,20,0,7.2
473,Pleasanton,US,2021-09-25 14:57:17,37.6624,-121.8747,61.0,89,0,2.64
474,Adrar,MR,2021-09-25 14:57:17,20.5022,-10.0711,101.17,18,80,3.85
475,Luganville,VU,2021-09-25 14:57:17,-15.5333,167.1667,75.88,89,68,6.67
476,Westerland,DE,2021-09-25 14:57:18,54.9079,8.3033,64.42,77,40,6.91
477,Vilcun,CL,2021-09-25 14:57:18,-38.65,-72.2333,48.94,66,81,11.5
478,Oda,JP,2021-09-25 14:57:18,35.1833,132.5,66.78,89,86,7.29
479,Rees,DE,2021-09-25 14:57:18,51.7667,6.4,75.29,65,38,3.78
480,Sabya,SA,2021-09-25 14:57:19,17.1495,42.6254,91.02,59,31,8.37
481,Zhob,PK,2021-09-25 14:57:19,31.3411,69.4481,83.14,31,0,5.61
482,Sao Jose De Ribamar,BR,2021-09-25 14:57:19,-2.5619,-44.0542,89.98,64,79,14.9
483,Katsuura,JP,2021-09-25 14:55:30,35.1333,140.3,71.19,70,100,16.55
484,Tambura,SS,2021-09-25 14:57:19,5.6,27.4667,74.21,79,98,0.78
485,Kalabo,ZM,2021-09-25 14:57:20,-14.97,22.6814,95.61,8,4,8.77
486,Tucurui,BR,2021-09-25 14:57:20,-3.7661,-49.6725,96.6,37,55,5.57
487,Jalu,LY,2021-09-25 14:57:20,29.0331,21.5482,83.71,27,0,11.23
488,Santiago De Cuba,CU,2021-09-25 14:57:20,20.0247,-75.8219,85.51,59,9,3.51
489,Kupang,ID,2021-09-25 14:57:20,-10.1667,123.5833,77.83,75,70,10.76
490,Tatishchevo,RU,2021-09-25 14:57:21,51.6703,45.5953,54.91,62,87,4.45
491,Bida,NG,2021-09-25 14:57:21,9.0833,6.0167,88.39,59,73,5.26
492,Meulaboh,ID,2021-09-25 14:57:21,4.1363,96.1285,78.73,87,99,5.61
493,Saint-Pierre,RE,2021-09-25 14:57:21,-21.3393,55.4781,73.08,67,0,28.77
494,Pendleton,US,2021-09-25 14:57:14,45.6721,-118.7886,71.56,27,2,4.18
495,La Peca,PE,2021-09-25 14:57:22,-5.6111,-78.435,78.24,58,57,3.47
496,Union,US,2021-09-25 14:57:22,40.6334,-74.2663,74.68,57,1,0.0
497,Vostok,RU,2021-09-25 14:57:22,46.4856,135.8833,46.36,76,100,2.91
498,Port Augusta,AU,2021-09-25 14:55:09,-32.5,137.7667,55.54,71,7,6.91
499,Lerwick,GB,2021-09-25 14:57:22,60.1545,-1.1494,57.2,91,100,19.1
500,Gap,FR,2021-09-25 14:57:23,44.6667,6.0,65.84,51,62,6.4
501,Kangaatsiaq,GL,2021-09-25 14:57:23,68.3065,-53.4641,25.39,80,38,10.31
502,Constitucion,CL,2021-09-25 14:54:46,-35.3333,-72.4167,57.11,77,98,6.4
503,Praia Da Vitoria,PT,2021-09-25 14:57:23,38.7333,-27.0667,73.65,88,75,18.72
504,Zhigansk,RU,2021-09-25 14:57:23,66.7697,123.3711,35.73,76,100,12.86
505,Jiuquan,CN,2021-09-25 14:57:24,39.7432,98.5174,61.23,29,100,4.32
506,Rio Gallegos,AR,2021-09-25 14:57:24,-51.6226,-69.2181,42.85,61,75,11.5
507,Xunchang,CN,2021-09-25 14:57:24,28.4543,104.715,78.93,78,3,2.3
508,Birao,CF,2021-09-25 14:57:24,10.2849,22.7882,83.16,72,99,2.93
509,Shiyan,CN,2021-09-25 14:57:24,32.6475,110.7781,71.4,96,100,5.57
510,Carballo,ES,2021-09-25 14:57:25,43.213,-8.691,72.55,73,77,4.25
511,Mariental,NA,2021-09-25 14:57:25,-24.6333,17.9667,94.66,7,1,1.34
512,Yukhnov,RU,2021-09-25 14:57:25,54.7444,35.2297,48.63,96,100,8.28
513,Pemba,MZ,2021-09-25 14:57:25,-12.974,40.5178,81.3,78,20,13.0
514,Svetlaya,RU,2021-09-25 14:57:26,46.5389,138.3297,53.33,73,95,4.03
515,Fuengirola,ES,2021-09-25 14:57:26,36.54,-4.6247,83.35,46,20,6.91
516,Monterey,US,2021-09-25 14:57:26,36.2505,-121.2516,61.11,44,0,0.54
517,Batamshinskiy,KZ,2021-09-25 14:57:26,50.5594,58.2747,60.78,24,100,11.88
518,Gizo,SB,2021-09-25 14:57:27,-8.103,156.8419,81.34,80,16,6.04
519,Darovskoy,RU,2021-09-25 14:57:27,58.77,47.9564,44.04,97,100,5.41
520,Bjornevatn,NO,2021-09-25 14:57:27,69.6672,29.9847,46.74,100,75,0.0
521,Surt,LY,2021-09-25 14:55:07,31.2089,16.5887,78.15,54,0,12.37
522,Say,NE,2021-09-25 14:57:27,13.1007,2.3689,99.16,27,4,8.95
523,Russell,US,2021-09-25 14:57:27,32.3502,-85.1999,74.97,75,50,0.92
524,Cidreira,BR,2021-09-25 14:57:28,-30.1811,-50.2056,65.91,71,10,6.58
525,Palmer,US,2021-09-25 14:57:28,42.1584,-72.3287,70.77,75,50,0.98
526,Tamsalu,EE,2021-09-25 14:57:28,59.1586,26.1153,49.59,85,51,9.91
527,Cimislia,MD,2021-09-25 14:57:28,46.52,28.7842,68.67,40,6,8.75
528,Aden,YE,2021-09-25 14:56:34,12.7794,45.0367,86.99,70,10,3.15
529,Erzin,TR,2021-09-25 14:57:29,36.9559,36.2,84.72,36,0,1.97
530,Kushiro,JP,2021-09-25 14:57:29,42.975,144.3747,50.7,86,1,4.52
531,Zhangye,CN,2021-09-25 14:57:29,38.9342,100.4517,65.35,32,100,9.8
532,Timra,SE,2021-09-25 14:57:29,62.487,17.3257,56.91,47,4,18.41
533,Vuktyl,RU,2021-09-25 14:57:30,63.8567,57.3094,44.98,58,93,15.23
534,Show Low,US,2021-09-25 14:57:30,34.2542,-110.0298,64.71,57,20,6.91
535,Dalby,AU,2021-09-25 14:57:30,-27.1833,151.2667,56.1,44,85,8.01
536,Bandarbeyla,SO,2021-09-25 14:57:00,9.4942,50.8122,86.09,54,46,19.24
537,Troitsk,RU,2021-09-25 14:54:57,54.0979,61.5773,54.0,28,100,9.4
538,Ruteng,ID,2021-09-25 14:57:30,-8.6136,120.4721,63.28,94,91,2.57
539,Astoria,US,2021-09-25 14:54:04,46.1879,-123.8313,57.85,95,90,1.01
540,Sao Jose Da Coroa Grande,BR,2021-09-25 14:57:30,-8.8978,-35.1478,79.83,76,24,12.46
541,Georgiyevka,KZ,2021-09-25 14:57:31,43.0369,74.7114,60.84,25,0,4.47
542,North Platte,US,2021-09-25 14:57:31,41.1239,-100.7654,60.03,63,78,5.99
543,Arauca,CO,2021-09-25 14:57:31,7.0847,-70.7591,76.84,89,95,4.07
544,Amga,RU,2021-09-25 14:57:31,60.8953,131.9608,33.78,86,94,3.56
545,Welkom,ZA,2021-09-25 14:57:32,-27.9864,26.7066,90.36,12,3,2.39
546,Kuju,IN,2021-09-25 14:57:32,23.7167,85.5,81.34,71,91,2.73
547,Jinxi,CN,2021-09-25 14:57:32,30.4323,116.2922,79.79,76,100,3.94
548,Kungurtug,RU,2021-09-25 14:57:32,50.5994,97.5228,27.63,91,100,2.86
549,Marovoay,MG,2021-09-25 14:57:33,-16.1,46.6333,84.34,33,22,9.42
550,Huayang,CN,2021-09-25 14:57:33,34.4155,109.9939,57.04,100,100,3.53
551,Bireun,ID,2021-09-25 14:57:33,5.203,96.7009,79.88,82,50,2.84
552,Batagay,RU,2021-09-25 14:57:33,67.6333,134.6333,32.95,82,100,4.34
553,Chake Chake,TZ,2021-09-25 14:57:34,-5.2459,39.7666,77.76,74,23,11.63
554,Komsomolets,KZ,2021-09-25 14:57:34,53.7453,62.0708,54.86,25,99,9.93
555,Broken Hill,AU,2021-09-25 14:57:34,-31.95,141.4333,47.91,49,3,6.91
556,Colesberg,ZA,2021-09-25 14:57:34,-30.72,25.0972,86.22,8,86,15.43
557,Axim,GH,2021-09-25 14:57:34,4.8699,-2.2405,81.05,74,87,9.24
558,Lazi,UA,2021-09-25 14:57:35,48.0667,24.2333,59.0,75,23,3.13
559,Harnosand,SE,2021-09-25 14:57:35,62.6323,17.9379,57.22,62,4,18.88
560,Yenagoa,NG,2021-09-25 14:57:35,4.9247,6.2642,78.96,81,94,5.79
561,Hue,VN,2021-09-25 14:57:35,16.4667,107.6,82.51,83,40,5.75
562,Mogok,MM,2021-09-25 14:57:36,22.9167,96.5,66.54,96,6,1.79
563,Westport,US,2021-09-25 14:57:36,41.1415,-73.3579,73.94,64,24,1.99
564,Riachao Das Neves,BR,2021-09-25 14:57:36,-11.7461,-44.91,94.24,29,0,6.69
565,Ola,RU,2021-09-25 14:57:36,59.5833,151.2833,41.74,89,42,0.72
566,Yulara,AU,2021-09-25 14:55:37,-25.2406,130.9889,69.64,13,5,8.05
567,Mwingi,KE,2021-09-25 14:57:37,-0.9344,38.0601,79.07,39,90,12.93
568,Pecos,US,2021-09-25 14:57:37,31.4229,-103.4932,70.83,45,1,6.91
569,Ponta Delgada,PT,2021-09-25 14:57:37,37.7333,-25.6667,74.12,78,40,13.8
570,Oliveira Dos Brejinhos,BR,2021-09-25 14:57:37,-12.3169,-42.8961,92.84,26,0,5.37
571,Piedade,BR,2021-09-25 14:57:38,-23.7119,-47.4278,78.84,44,39,4.14
572,Bilibino,RU,2021-09-25 14:54:59,68.0546,166.4372,30.36,97,100,9.37
573,Chapais,CA,2021-09-25 14:57:23,49.7834,-74.8492,53.38,57,15,10.47
574,Knin,HR,2021-09-25 14:57:38,44.0439,16.2,75.07,45,0,4.61
575,Usoke,TZ,2021-09-25 14:57:38,-5.1667,32.35,89.22,19,82,3.78
576,Landeck,AT,2021-09-25 14:57:38,47.1301,10.5636,72.75,34,3,1.28
577,Southbridge,US,2021-09-25 14:57:39,42.0751,-72.0334,71.02,64,22,1.9
578,Yurginskoye,RU,2021-09-25 14:57:39,56.8189,67.3921,42.69,72,5,12.01
579,Hamilton,US,2021-09-25 14:57:39,39.1834,-84.5333,61.86,84,100,1.99
580,Clyde River,CA,2021-09-25 14:57:39,70.4692,-68.5914,28.63,86,75,0.0
581,Komsomolskiy,UZ,2021-09-25 14:57:40,40.4272,71.7189,74.12,27,0,4.61
582,Karratha,AU,2021-09-25 14:57:40,-20.7377,116.8463,73.27,61,0,17.6
